beat_no,beat_time,HR,RRI,burst_time,latency,amp,area
1,345.683,70.5243,0.8507000000000176,346.92,1.2370000000000232,0.014849547257539857,0.0048010865149254265
2,346.5337,70.5039,0.851099999999974,NA,NA,NA,NA
3,347.3848,70.5039,0.8561000000000263,NA,NA,NA,NA
4,348.2409,70.0846,0.8655999999999722,NA,NA,NA,NA
5,349.1065,68.9902,0.8695999999999913,NA,NA,NA,NA
6,349.9761,67.5808,0.8879000000000019,351.28,1.3038999999999987,0.014600156255402452,0.00526233249700682
7,350.864,65.0398,0.9225000000000136,NA,NA,NA,NA
8,351.7865,63.9242,0.9386000000000081,NA,NA,NA,NA
9,352.7251,63.8871,0.939200000000028,353.96,1.234899999999982,0.018374932594887386,0.003368829506763629
10,353.6643,63.8871,0.9708999999999719,NA,NA,NA,NA
11,354.6352,60.9789,0.9839000000000055,NA,NA,NA,NA
12,355.6191,61.5843,0.9742999999999711,NA,NA,NA,NA
13,356.5934,61.5843,1.0039000000000442,NA,NA,NA,NA
14,357.5973,59.7672,1.0165999999999826,NA,NA,NA,NA
15,358.6139,59.0224,1.0278999999999883,NA,NA,NA,NA
16,359.6418,58.3669,1.0235999999999876,360.96,1.3181999999999903,0.013592461908360904,0.004643860522668056
17,360.6654,58.6199,1.036100000000033,NA,NA,NA,NA
18,361.7015,58.9821,1.0172999999999774,NA,NA,NA,NA
19,362.7188,58.9821,1.01339999999999,NA,NA,NA,NA
20,363.7322,59.2941,1.0119000000000256,NA,NA,NA,NA
21,364.7441,59.681,1.0054000000000087,NA,NA,NA,NA
22,365.7495,60.845,0.9860999999999649,NA,NA,NA,NA
23,366.7356,61.3171,0.9784999999999968,NA,NA,NA,NA
24,367.7141,61.683,0.9727000000000317,368.88,1.165900000000022,0.014777911850567383,0.0043342573097242135
25,368.6868,61.683,0.980199999999968,NA,NA,NA,NA
26,369.667,61.5069,0.9755000000000109,371,1.3330000000000268,0.014143044613729845,0.005024990156441126
27,370.6425,62.2248,0.9642000000000053,NA,NA,NA,NA
28,371.6067,61.1112,0.981899999999996,NA,NA,NA,NA
29,372.5886,60.3629,0.9940000000000282,NA,NA,NA,NA
30,373.5826,61.2411,0.9796999999999798,374.92,1.3374000000000024,0.014948191793299828,0.0027650645649611037
31,374.5623,61.2411,0.9913999999999987,NA,NA,NA,NA
32,375.5537,59.4004,1.0101000000000226,NA,NA,NA,NA
33,376.5638,59.4004,1.0267000000000053,NA,NA,NA,NA
34,377.5905,59.0507,1.0160999999999945,NA,NA,NA,NA
35,378.6066,58.6893,1.022299999999973,NA,NA,NA,NA
36,379.6289,58.6893,1.0178000000000225,NA,NA,NA,NA
37,380.6467,58.6634,1.0226999999999862,NA,NA,NA,NA
38,381.6694,58.6634,0.9986000000000104,382.96,1.2905999999999835,0.016081545264712088,0.007390846409830124
39,382.668,61.3123,0.9785999999999717,NA,NA,NA,NA
40,383.6466,61.8346,0.9703000000000088,NA,NA,NA,NA
41,384.6169,61.8346,0.9652000000000385,NA,NA,NA,NA
42,385.5821,63.9443,0.9384000000000015,386.88,1.29789999999997,0.013458634342869888,0.0059742674025058794
43,386.5205,64.0537,0.9366999999999734,NA,NA,NA,NA
44,387.4572,63.6829,0.9420999999999822,NA,NA,NA,NA
45,388.3993,63.6829,0.9473000000000411,NA,NA,NA,NA
46,389.3466,64.5826,0.9290999999999485,390.6,1.2533999999999992,0.017018509292883312,0.004303972159411119
47,390.2757,65.1751,0.9206000000000358,NA,NA,NA,NA
48,391.1963,65.1751,0.9144999999999754,392.52,1.323699999999974,0.014375093511896028,0.0030965592288951745
49,392.1108,65.6039,0.9268999999999892,NA,NA,NA,NA
50,393.0377,66.4293,0.9032000000000266,NA,NA,NA,NA
51,393.9409,66.4293,0.9350999999999772,NA,NA,NA,NA
52,394.876,64.3095,0.9330000000000496,NA,NA,NA,NA
53,395.809,62.251,0.9638999999999669,NA,NA,NA,NA
54,396.7729,62.251,0.9852999999999952,NA,NA,NA,NA
55,397.7582,61.18,0.980700000000013,NA,NA,NA,NA
56,398.7389,61.18,0.930499999999995,399.96,1.2210999999999785,0.018842559239190253,0.006400665607347595
57,399.6694,64.4832,0.8908999999999878,NA,NA,NA,NA
58,400.5603,67.3461,0.862700000000018,NA,NA,NA,NA
59,401.423,NA,0.8444000000000074,NA,NA,NA,NA
60,402.2674,NA,0.8571999999999775,NA,NA,NA,NA
61,403.1246,69.1704,0.8674000000000319,NA,NA,NA,NA
62,403.992,66.1847,0.906599999999969,NA,NA,NA,NA
63,404.8986,63.7069,0.9418000000000006,NA,NA,NA,NA
64,405.8404,63.7069,0.9669000000000096,NA,NA,NA,NA
65,406.8073,62.0499,0.932200000000023,408.08,1.2726999999999862,0.01919207199392488,0.005333844997250847
66,407.7395,66.886,0.8970999999999663,409,1.260499999999979,0.020787623455911796,0.00569592332984316
67,408.6366,68.6171,0.8744000000000369,NA,NA,NA,NA
68,409.511,68.5818,0.8748999999999683,NA,NA,NA,NA
69,410.3859,68.5818,0.9137000000000057,NA,NA,NA,NA
70,411.2996,64.4666,0.9307000000000016,NA,NA,NA,NA
71,412.2303,64.4666,0.9495999999999754,NA,NA,NA,NA
72,413.1799,63.1841,0.9759000000000242,NA,NA,NA,NA
73,414.1558,61.4839,0.9809999999999945,NA,NA,NA,NA
74,415.1368,61.1607,0.994199999999978,NA,NA,NA,NA
75,416.131,60.3541,0.9942000000000348,417.48,1.3490000000000464,0.014130231730777725,0.0031490631070991357
76,417.1252,60.3742,0.9938000000000216,418.4,1.2747999999999706,0.013407505934633721,0.0051220920724653245
77,418.119,61.0749,0.9823999999999842,NA,NA,NA,NA
78,419.1014,61.0749,0.9739000000000146,NA,NA,NA,NA
79,420.0753,61.6057,0.9646999999999935,421.36,1.2846999999999866,0.016155780154977543,0.005520424455032933
80,421.04,62.7397,0.9562999999999988,NA,NA,NA,NA
81,421.9963,62.7397,0.9600999999999544,NA,NA,NA,NA
82,422.9564,62.4921,0.9645000000000437,424.36,1.40360000000004,0.015807044324300253,0.0055847856362793305
83,423.9209,62.2126,0.9631999999999721,NA,NA,NA,NA
84,424.8841,63.7723,0.9408999999999992,NA,NA,NA,NA
85,425.825,63.6013,0.9433999999999969,NA,NA,NA,NA
86,426.7684,63.6013,0.9465999999999894,NA,NA,NA,NA
87,427.715,62.652,0.9576000000000136,NA,NA,NA,NA
88,428.6726,61.0427,0.9830000000000041,NA,NA,NA,NA
89,429.6556,61.646,0.9732999999999947,430.96,1.304399999999987,0.014968490220643477,0.005171867888392183
90,430.6289,61.646,0.9540000000000077,431.92,1.2911000000000286,0.014930700713886306,0.004616411484270635
91,431.5829,62.8927,0.9216999999999871,NA,NA,NA,NA
92,432.5046,67.1646,0.8933000000000106,NA,NA,NA,NA
93,433.3979,67.1646,0.9148000000000138,NA,NA,NA,NA
94,434.3127,NA,0.8892000000000166,435.56,1.2472999999999956,0.015162746052015513,0.005151319421418382
95,435.2019,NA,0.941599999999994,NA,NA,NA,NA
96,436.1435,62.7654,0.9559999999999604,NA,NA,NA,NA
97,437.0995,61.0142,0.9833000000000425,NA,NA,NA,NA
98,438.0828,61.0142,0.9670999999999594,NA,NA,NA,NA
99,439.0499,62.0432,0.9938999999999965,NA,NA,NA,NA
100,440.0438,60.3683,0.9990999999999985,441.28,1.2361999999999966,0.015012080311511966,0.006589000846804863
101,441.0429,60.0566,0.9701000000000022,NA,NA,NA,NA
102,442.013,61.4481,0.9764000000000124,NA,NA,NA,NA
103,442.9894,61.4481,0.9832000000000107,NA,NA,NA,NA
104,443.9726,61.1553,0.9811000000000263,NA,NA,NA,NA
105,444.9537,62.0266,0.9672999999999661,NA,NA,NA,NA
106,445.921,60.8847,0.9855000000000018,NA,NA,NA,NA
107,446.9065,60.7484,0.987700000000018,NA,NA,NA,NA
108,447.8942,61.5401,0.9749999999999659,449.28,1.3857999999999606,0.014298737534206898,0.004214716474915075
109,448.8692,60.2786,0.9953000000000429,NA,NA,NA,NA
110,449.8645,60.1938,0.9968000000000075,NA,NA,NA,NA
111,450.86130000000003,60.1938,1.0018999999999778,NA,NA,NA,NA
112,451.8632,61.0473,0.9828999999999724,453.2,1.3367999999999824,0.01408457740198452,0.004292452527505717
113,452.8461,59.6579,1.0057000000000471,NA,NA,NA,NA
114,453.8518,59.6579,1.0013999999999896,NA,NA,NA,NA
115,454.8532,61.4496,0.9764000000000124,NA,NA,NA,NA
116,455.8296,60.4046,0.9932999999999765,NA,NA,NA,NA
117,456.8229,60.4046,0.9755999999999858,NA,NA,NA,NA
118,457.7985,59.966,1.00060000000002,NA,NA,NA,NA
119,458.7991,58.7714,1.0208999999999833,NA,NA,NA,NA
120,459.82,58.6163,1.0235999999999876,461.12,1.3000000000000114,0.014706476281972483,0.004599476666642197
121,460.8436,58.1045,1.0326000000000022,NA,NA,NA,NA
122,461.8762,60.7562,0.9876000000000431,463.12,1.2438000000000216,0.01839149256679895,0.005725504885759211
123,462.8638,60.7562,0.9757999999999925,NA,NA,NA,NA
124,463.8396,61.6383,0.9733999999999696,NA,NA,NA,NA
125,464.813,62.0045,0.9677000000000362,NA,NA,NA,NA
126,465.7807,62.1253,0.9658000000000015,NA,NA,NA,NA
127,466.7465,62.2285,0.9641999999999484,NA,NA,NA,NA
128,467.7107,62.9283,0.9534000000000447,NA,NA,NA,NA
129,468.6641,65.6547,0.9138999999999555,469.92,1.255899999999997,0.013560148818578305,0.00404635975600494
130,469.578,65.1795,0.9205000000000041,NA,NA,NA,NA
131,470.4985,65.7889,0.9121000000000095,NA,NA,NA,NA
132,471.4106,67.0057,0.8953999999999951,472.64,1.2293999999999983,0.022247798500539394,0.009006482156313732
133,472.306,66.2654,0.9054000000000428,NA,NA,NA,NA
134,473.2114,66.2654,0.927599999999984,NA,NA,NA,NA
135,474.139,63.5522,0.9440999999999917,NA,NA,NA,NA
136,475.0831,63.3874,0.9465000000000146,NA,NA,NA,NA
137,476.0296,60.7993,0.9868999999999915,NA,NA,NA,NA
138,477.0165,59.3941,1.0101999999999975,NA,NA,NA,NA
139,478.0267,57.2039,1.0489000000000033,NA,NA,NA,NA
140,479.0756,57.933,1.035599999999988,NA,NA,NA,NA
141,480.1112,57.758,1.0389000000000124,481.36,1.248800000000017,0.015008929732158904,0.00688725318492597
142,481.1501,57.3533,1.0460999999999672,NA,NA,NA,NA
143,482.1962,57.7842,1.0384000000000242,NA,NA,NA,NA
144,483.2346,58.1746,1.0312999999999874,NA,NA,NA,NA
145,484.2659,58.1746,1.0649000000000228,NA,NA,NA,NA
146,485.3308,56.346,1.0860999999999876,NA,NA,NA,NA
147,486.4169,55.2435,1.0744000000000256,NA,NA,NA,NA
148,487.4913,55.842,1.07589999999999,NA,NA,NA,NA
149,488.5672,56.4479,1.0629000000000133,NA,NA,NA,NA
150,489.6301,57.1214,1.0503999999999678,NA,NA,NA,NA
151,490.6805,58.2193,1.0305999999999926,491.92,1.239500000000021,0.022823819090738832,0.006884534783288399
152,491.7111,55.9842,1.0717000000000212,493,1.2889000000000124,0.01697220233542298,0.0034304939396006626
153,492.7828,55.9842,1.0521999999999707,NA,NA,NA,NA
154,493.835,62.5532,0.9592000000000098,NA,NA,NA,NA
155,494.7942,61.9527,0.968400000000031,NA,NA,NA,NA
156,495.7626,62.7234,0.9565999999999804,497,1.2373999999999796,0.02182635010607166,0.005658346023670577
157,496.7192,61.1608,0.9809999999999945,NA,NA,NA,NA
158,497.7002,60.3559,0.9941000000000031,NA,NA,NA,NA
159,498.6943,60.3559,0.9796000000000049,NA,NA,NA,NA
160,499.6739,61.2492,0.9753000000000043,500.92,1.2461000000000126,0.01471830846965759,0.004062016315665549
161,500.6492,60.5799,0.9903999999999655,501.96,1.310799999999972,0.014143101821166997,0.005117090440745598
162,501.6396,60.8789,0.9856000000000336,503,1.360400000000027,0.01650241428474072,0.008800269026705951
163,502.6252,62.6678,0.9574000000000069,NA,NA,NA,NA
164,503.5826,61.5647,0.9746000000000095,NA,NA,NA,NA
165,504.5572,61.0209,0.9831999999999539,NA,NA,NA,NA
166,505.5404,61.0209,0.9987000000000421,NA,NA,NA,NA
167,506.5391,61.6319,0.9735000000000014,NA,NA,NA,NA
168,507.5126,59.5014,1.0083999999999946,NA,NA,NA,NA
169,508.521,58.9963,1.016999999999996,NA,NA,NA,NA
170,509.538,59.9031,1.0015999999999963,NA,NA,NA,NA
171,510.5396,58.5796,1.0242999999999824,NA,NA,NA,NA
172,511.5639,58.5796,1.0312000000000126,NA,NA,NA,NA
173,512.5951,58.7058,1.0220000000000482,513.88,1.2848999999999933,0.015561590932299925,0.004488068044547866
174,513.6171,59.7776,1.0036999999999807,NA,NA,NA,NA
175,514.6208,59.7776,1.0114999999999554,NA,NA,NA,NA
176,515.6323,59.3182,1.005200000000059,516.96,1.3277000000000498,0.01686880078249613,0.005444851690755089
177,516.6375,60.9121,0.9849999999999,NA,NA,NA,NA
178,517.6225,60.2445,0.9960000000000946,NA,NA,NA,NA
179,518.6185,60.1944,0.9966999999999189,519.84,1.2214999999999918,0.013231652547433106,0.002424430611787244
180,519.6152,61.8543,0.9701000000000022,NA,NA,NA,NA
181,520.5853,61.8543,0.98700000000008,NA,NA,NA,NA
182,521.5723,60.7854,0.9950999999999794,NA,NA,NA,NA
183,522.5674,60.2957,0.9796000000000049,NA,NA,NA,NA
184,523.547,60.5646,0.9905999999999722,NA,NA,NA,NA
185,524.5376,59.797,1.003400000000056,525.72,1.1824000000000296,0.016967526206378182,0.008596750779160202
186,525.541,60.2836,0.9952999999999292,NA,NA,NA,NA
187,526.5363,60.2836,0.9759000000000242,NA,NA,NA,NA
188,527.5122,59.9127,1.0014999999999645,NA,NA,NA,NA
189,528.5137,59.2048,1.013400000000047,NA,NA,NA,NA
190,529.5271,60.5936,0.9901999999999589,NA,NA,NA,NA
191,530.5173,60.5936,1.0077999999999747,NA,NA,NA,NA
192,531.5251,59.2568,1.0125000000000455,NA,NA,NA,NA
193,532.5376,60.6092,0.9900000000000091,NA,NA,NA,NA
194,533.5276,61.857,0.9698999999999387,NA,NA,NA,NA
195,534.4975,61.4467,0.976500000000101,NA,NA,NA,NA
196,535.474,62.3081,0.9628999999999905,NA,NA,NA,NA
197,536.4369,62.3081,0.9664999999999964,NA,NA,NA,NA
198,537.4034,62.0805,0.9814999999999827,NA,NA,NA,NA
199,538.3849,61.1325,0.9802999999999429,NA,NA,NA,NA
200,539.3652,62.8782,0.9542000000000144,540.52,1.154800000000023,0.020288990854323737,0.008759976014171677
201,540.3194,62.8782,0.9669000000000096,541.68,1.3605999999999767,0.01327671315262196,0.003140110939979359
202,541.2863,62.0556,0.9591000000000349,NA,NA,NA,NA
203,542.2454,62.5597,0.9515999999999849,543.48,1.2346000000000004,0.017949067398873624,0.004225786695826014
204,543.197,64.6433,0.9281999999999471,NA,NA,NA,NA
205,544.1252,65.2909,0.9189000000000078,NA,NA,NA,NA
206,545.0441,65.2623,0.919399999999996,NA,NA,NA,NA
207,545.9635,64.3955,0.9317000000000917,NA,NA,NA,NA
208,546.8952,61.9476,0.968599999999924,NA,NA,NA,NA
209,547.8638,61.9476,0.9542000000000144,NA,NA,NA,NA
210,548.818,62.1141,0.9660000000000082,NA,NA,NA,NA
211,549.784,61.9558,0.9683999999999742,551.08,1.2960000000000491,0.013477948710783061,0.0031353698376687684
212,550.7524,61.9558,0.9779000000000906,NA,NA,NA,NA
213,551.7303,61.3541,0.9601999999999862,553.04,1.309699999999907,0.01858605836517816,0.005789097803971122
214,552.6905,62.5757,0.9588999999999714,NA,NA,NA,NA
215,553.6494,62.5757,0.941599999999994,554.88,1.2305999999999813,0.016384581651600984,0.005621677624177272
216,554.591,65.5254,0.9157000000000153,NA,NA,NA,NA
217,555.5067,64.3617,0.9321999999999662,NA,NA,NA,NA
218,556.4389,64.3617,0.927599999999984,NA,NA,NA,NA
219,557.3665,70.8833,0.8464000000000169,558.64,1.2735000000000127,0.014869704303872971,0.004957680865263843
220,558.2129,70.8833,0.8947000000000571,NA,NA,NA,NA
221,559.1076,70.6517,0.8491999999999962,NA,NA,NA,NA
222,559.9568,70.6517,0.8398999999999432,561.16,1.2031999999999243,0.02140236759502727,0.007827405703092274
223,560.7967,72.3448,0.8293999999999642,562,1.203300000000013,0.015356026854615006,0.0060444982106651725
224,561.6261,73.5831,0.8154000000000678,NA,NA,NA,NA
225,562.4415,74.8688,0.8013999999999442,NA,NA,NA,NA
226,563.2429,74.8688,0.7880000000000109,NA,NA,NA,NA
227,564.0309,76.1434,0.7852000000000317,NA,NA,NA,NA
228,564.8161,77.1715,0.7775000000000318,NA,NA,NA,NA
229,565.5936,77.7979,0.771199999999908,NA,NA,NA,NA
230,566.3648,77.7979,0.7679000000000542,567.56,1.1951999999999998,0.01783714196483697,0.006440178234871365
231,567.1327,78.9263,0.7602000000000544,NA,NA,NA,NA
232,567.8929,78.9263,0.7217999999999165,NA,NA,NA,NA
233,568.6147,76.1308,0.7880999999999858,NA,NA,NA,NA
234,569.4028,76.1308,0.7648000000000366,NA,NA,NA,NA
235,570.1676,80.6759,0.7436999999999898,NA,NA,NA,NA
236,570.9113,80.6759,0.744199999999978,NA,NA,NA,NA
237,571.6555,80.5673,0.7448000000000548,NA,NA,NA,NA
238,572.4003,80.5673,0.7608000000000175,NA,NA,NA,NA
239,573.1611,76.265,0.7866999999999962,NA,NA,NA,NA
240,573.9478,76.265,0.8050999999999249,NA,NA,NA,NA
241,574.7529,74.5205,0.8129000000000133,576.08,1.3271000000000868,0.014258936035345029,0.004141391091830521
242,575.5658,73.8095,0.8005000000000564,NA,NA,NA,NA
243,576.3663,74.955,0.7896999999999252,NA,NA,NA,NA
244,577.156,75.3756,0.7960000000000491,NA,NA,NA,NA
245,577.952,73.4664,0.8166999999999689,579.28,1.3279999999999745,0.01792860405351864,0.004488766513205551
246,578.7687,71.6909,0.8369000000000142,580.16,1.391300000000001,0.0156906126100581,0.004180142323306935
247,579.6056,70.0448,0.8566000000000713,NA,NA,NA,NA
248,580.4622,68.8693,0.8711999999999307,NA,NA,NA,NA
249,581.3334,68.8693,0.8807000000000471,582.64,1.306600000000003,0.013942525248487797,0.004834565502389146
250,582.2141,67.3923,0.8903000000000247,NA,NA,NA,NA
251,583.1044,67.3923,0.8935999999999922,NA,NA,NA,NA
252,583.998,66.6379,0.9003999999999905,NA,NA,NA,NA
253,584.8984,66.6379,0.8946999999999434,586.16,1.2615999999999303,0.015245996881268715,0.004599705526434121
254,585.7931,67.5204,0.8886999999999716,NA,NA,NA,NA
255,586.6818,67.5204,0.9017000000000053,NA,NA,NA,NA
256,587.5835,64.9741,0.9234000000000151,NA,NA,NA,NA
257,588.5069,64.9741,0.9429000000000087,NA,NA,NA,NA
258,589.4498,63.636,0.9547999999999774,NA,NA,NA,NA
259,590.4046,62.3025,0.9630000000000791,NA,NA,NA,NA
260,591.3676,62.0319,0.9672999999999092,592.6,1.2323999999999842,0.016458729562846195,0.005740211750362249
261,592.3349,62.0319,0.9617000000000644,593.6,1.265100000000075,0.014238158839207891,0.003801299014982313
262,593.2966,62.683,0.9571999999999434,NA,NA,NA,NA
263,594.2538,62.683,0.9545000000000528,NA,NA,NA,NA
264,595.2083,62.8605,0.9556999999999789,NA,NA,NA,NA
265,596.164,62.7376,0.9564000000000306,NA,NA,NA,NA
266,597.1204,62.7376,0.9552999999999656,NA,NA,NA,NA
267,598.0757,64.4227,0.9314000000000533,NA,NA,NA,NA
268,599.0071,64.6092,0.9285999999999603,NA,NA,NA,NA
269,599.9357,63.6215,0.9430999999999585,NA,NA,NA,NA
270,600.8788,63.6215,0.9438000000000102,602.24,1.3612000000000535,0.016667958999317355,0.004906311119901639
271,601.8226,63.7427,0.9413000000000693,NA,NA,NA,NA
272,602.7639,63.7427,0.9477999999999156,NA,NA,NA,NA
273,603.7117,63.6093,0.943300000000022,NA,NA,NA,NA
274,604.655,63.4777,0.9451999999999998,NA,NA,NA,NA
275,605.6002,64.2688,0.9336000000000695,NA,NA,NA,NA
276,606.5338,64.2688,0.9307000000000016,NA,NA,NA,NA
277,607.4645,64.4301,0.9312999999999647,608.8,1.3354999999999109,0.0158314817570529,0.003297743594884702
278,608.3958,64.4301,0.9080999999999904,NA,NA,NA,NA
279,609.3039,66.0723,0.9122999999999593,NA,NA,NA,NA
280,610.2162,64.6504,0.9279999999999973,NA,NA,NA,NA
281,611.1442,62.5201,0.959699999999998,NA,NA,NA,NA
282,612.1039,62.5201,0.977100000000064,NA,NA,NA,NA
283,613.081,61.2997,0.9787999999999784,614.36,1.2789999999999964,0.01842919585315842,0.004551360990864853
284,614.0598,61.2997,0.9667000000000598,615.28,1.220199999999977,0.014636095529073592,0.0056435602349402415
285,615.0265,62.7485,0.9561999999999671,616.32,1.2934999999999945,0.013083930794612267,0.005540991039024091
286,615.9827,63.7859,0.9406999999999925,617.2,1.217300000000023,0.01584585580362525,0.0037805580652137106
287,616.9234,63.7859,0.92349999999999,618.16,1.236599999999953,0.014358017232297725,0.004449378957365069
288,617.8469,64.9717,0.911899999999946,NA,NA,NA,NA
289,618.7588,65.7925,0.9019000000000688,620.12,1.3612000000000535,0.014311062354788951,0.003620490309973124
290,619.6607,66.5182,0.90199999999993,NA,NA,NA,NA
291,620.5627,66.8357,0.8977000000000999,NA,NA,NA,NA
292,621.4604,66.8357,0.9011999999999034,NA,NA,NA,NA
293,622.3616,66.6327,0.9005000000000791,NA,NA,NA,NA
294,623.2621,66.4055,0.9035000000000082,NA,NA,NA,NA
295,624.1656,66.4306,0.9031999999999698,NA,NA,NA,NA
296,625.0688,66.4306,0.8981999999999744,626.4,1.331199999999967,0.016238660059774958,0.005324285425518978
297,625.967,69.4612,0.8637999999999693,627.28,1.3129999999999882,0.01340320247550404,0.0022750913408113964
298,626.8308,69.4612,0.8432999999999993,NA,NA,NA,NA
299,627.6741,70.6205,0.8496000000000095,NA,NA,NA,NA
300,628.5237,69.8152,0.8594000000000506,NA,NA,NA,NA
301,629.3831,68.4208,0.8768999999999778,NA,NA,NA,NA
302,630.26,67.2373,0.8923999999999523,NA,NA,NA,NA
303,631.1524,67.2373,0.8821000000000367,NA,NA,NA,NA
304,632.0345,66.2663,0.9055000000000746,NA,NA,NA,NA
305,632.94,64.8156,0.9256999999998925,NA,NA,NA,NA
306,633.8657,63.7619,0.9410000000000309,NA,NA,NA,NA
307,634.8067,63.2449,0.9487000000000307,NA,NA,NA,NA
308,635.7554,63.2449,0.9510000000000218,NA,NA,NA,NA
309,636.7064,63.0866,0.9361999999999853,NA,NA,NA,NA
310,637.6426,63.6164,0.9431999999999334,NA,NA,NA,NA
311,638.5858,63.6164,0.9278000000000475,NA,NA,NA,NA
312,639.5136,65.2158,0.9199999999999591,NA,NA,NA,NA
313,640.4336,65.0191,0.922800000000052,NA,NA,NA,NA
314,641.3564,65.0191,0.9177999999999429,NA,NA,NA,NA
315,642.2742,66.5257,0.9019000000000688,643.6,1.325800000000072,0.014228920786741418,0.005070875079795132
316,643.1761,66.759,0.8987999999999374,NA,NA,NA,NA
317,644.0749,66.759,0.8920000000000528,NA,NA,NA,NA
318,644.9669,67.2618,0.8990999999999758,NA,NA,NA,NA
319,645.866,66,0.9089999999999918,NA,NA,NA,NA
320,646.775,65.5964,0.9147000000000389,NA,NA,NA,NA
321,647.6897,65.741,0.9126999999999725,NA,NA,NA,NA
322,648.6024,65.741,0.9126999999999725,NA,NA,NA,NA
323,649.5151,66.2199,0.9061000000000377,NA,NA,NA,NA
324,650.4212,66.3833,0.9039000000000215,NA,NA,NA,NA
325,651.3251,65.9324,0.9099999999999682,NA,NA,NA,NA
326,652.2351,66.874,0.897199999999998,NA,NA,NA,NA
327,653.1323,66.874,0.8927999999999656,NA,NA,NA,NA
328,654.0251,66.5443,0.9017000000000053,NA,NA,NA,NA
329,654.9268,66.5443,0.9011000000000422,656.24,1.3132000000000517,0.023199953945884796,0.006497959238889697
330,655.8279,66.5839,0.8939000000000306,NA,NA,NA,NA
331,656.7218,67.1207,0.8883999999999332,658.08,1.3582000000000107,0.02400748536371543,0.0077368834542154465
332,657.6102,67.4791,0.8892000000000735,NA,NA,NA,NA
333,658.4994,67.4791,0.8805999999999585,NA,NA,NA,NA
334,659.38,69.1868,0.8672000000000253,NA,NA,NA,NA
335,660.2472,71.1795,0.8429999999999609,NA,NA,NA,NA
336,661.0902,70.318,0.8532000000000153,NA,NA,NA,NA
337,661.9434,70.318,0.8757000000000517,NA,NA,NA,NA
338,662.8191,66.5464,0.9015999999999167,NA,NA,NA,NA
339,663.7207,66.1395,0.9071999999999889,NA,NA,NA,NA
340,664.6279,66.1395,0.9399000000000797,NA,NA,NA,NA
341,665.5678,63.8371,0.963799999999992,NA,NA,NA,NA
342,666.5316,61.8943,0.9693999999999505,NA,NA,NA,NA
343,667.501,60.8803,0.9855000000000018,NA,NA,NA,NA
344,668.4865,61.1181,0.9817000000000462,669.76,1.2735000000000127,0.019247031056651022,0.00533547601790141
345,669.4682,61.915,0.9691000000000258,NA,NA,NA,NA
346,670.4373,61.915,0.9594999999999345,NA,NA,NA,NA
347,671.3968,62.5351,0.9370999999999867,672.64,1.2432000000000016,0.017371809504258668,0.005143790915407994
348,672.3339,64.0247,0.9300000000000637,NA,NA,NA,NA
349,673.2639,64.5195,0.9194999999999709,NA,NA,NA,NA
350,674.1834,65.2505,0.9356000000000222,NA,NA,NA,NA
351,675.119,64.22,0.9343000000000075,NA,NA,NA,NA
352,676.0533,64.22,0.9362999999999602,NA,NA,NA,NA
353,676.9896,62.9131,0.9537000000000262,NA,NA,NA,NA
354,677.9433,62.9131,0.9548999999999523,NA,NA,NA,NA
355,678.8982,61.5793,0.9744000000000597,NA,NA,NA,NA
356,679.8726,60.542,0.9909999999999854,NA,NA,NA,NA
357,680.8636,60.8319,0.9864000000000033,NA,NA,NA,NA
358,681.85,60.788,0.9869999999999663,NA,NA,NA,NA
359,682.837,60.4278,0.9928999999999633,NA,NA,NA,NA
360,683.8299,60.4278,0.9941000000000031,NA,NA,NA,NA
361,684.824,60.5162,0.9915000000000873,NA,NA,NA,NA
362,685.8155,59.58,1.007099999999923,NA,NA,NA,NA
363,686.8226,59.2015,1.0135000000000218,NA,NA,NA,NA
364,687.8361,60.9001,0.9851999999999634,NA,NA,NA,NA
365,688.8213,60.9001,1.0112000000000307,NA,NA,NA,NA
366,689.8325,59.8073,1.0031999999999925,NA,NA,NA,NA
367,690.8357,61.297,0.9789000000000669,NA,NA,NA,NA
368,691.8146,60.5718,0.9904999999999973,NA,NA,NA,NA
369,692.8051,60.4027,0.9932999999999765,NA,NA,NA,NA
370,693.7984,60.4027,0.97849999999994,NA,NA,NA,NA
371,694.7769,61.3198,0.9932000000000016,NA,NA,NA,NA
372,695.7701,60.5009,0.9917000000000371,697.04,1.269900000000007,0.016470530228129443,0.004805014745822414
373,696.7618,60.5009,0.967200000000048,NA,NA,NA,NA
374,697.729,61.0284,0.9830999999999221,NA,NA,NA,NA
375,698.7121,60.8974,0.985300000000052,700.04,1.3278999999999996,0.01562326472243691,0.003950965076178892
376,699.6974,60.8974,0.9592999999999847,NA,NA,NA,NA
377,700.6567,61.3093,0.9786000000000286,NA,NA,NA,NA
378,701.6353,61.3093,0.9847999999999502,703,1.3646999999999707,0.015198128225537712,0.005677385636228756
379,702.6201,61.9136,0.9691000000000258,NA,NA,NA,NA
380,703.5892,60.0836,0.9986000000000104,NA,NA,NA,NA
381,704.5878,60.0836,1.0053000000000338,NA,NA,NA,NA
382,705.5931,61.4753,0.9759999999999991,NA,NA,NA,NA
383,706.5691,59.6845,1.0052999999999201,NA,NA,NA,NA
384,707.5744,59.6845,0.9962000000000444,708.84,1.2656000000000631,0.016227473018480477,0.0033489268895630885
385,708.5706,61.2526,0.9796000000000049,NA,NA,NA,NA
386,709.5502,60.0162,0.9996999999999616,NA,NA,NA,NA
387,710.5499,60.0162,0.9860999999999649,711.84,1.2901000000000522,0.016186267919746793,0.004714639031872753
388,711.536,62.2,0.9646000000000186,NA,NA,NA,NA
389,712.5006,62.9666,0.9528999999999996,NA,NA,NA,NA
390,713.4535,64.5389,0.9297000000000253,714.84,1.3865000000000691,0.018267877123260213,0.004217988073324223
391,714.3832,64.217,0.9343000000000075,NA,NA,NA,NA
392,715.3175,64.5058,0.9302000000000135,NA,NA,NA,NA
393,716.2477,64.5334,0.9297000000000253,717.68,1.432299999999941,0.017263951987989648,0.005329252711848518
394,717.1774,64.5334,0.8869999999999436,NA,NA,NA,NA
395,718.0644,67.6441,0.8917999999999893,NA,NA,NA,NA
396,718.9562,67.386,0.8903999999999996,NA,NA,NA,NA
397,719.8466,67.5335,0.8884000000000469,NA,NA,NA,NA
398,720.735,68.0001,0.8823999999999614,NA,NA,NA,NA
399,721.6174,68.0001,0.864400000000046,722.88,1.2626000000000204,0.019280670054795654,0.006146968811227814
400,722.4818,NA,0.8405999999999949,NA,NA,NA,NA
401,723.3224,NA,0.8251000000000204,NA,NA,NA,NA
402,724.1475,NA,0.8434999999999491,NA,NA,NA,NA
403,724.991,NA,0.8464000000000169,NA,NA,NA,NA
404,725.8374,NA,0.8638999999999442,NA,NA,NA,NA
405,726.7013,NA,0.8651000000000977,NA,NA,NA,NA
406,727.5664,NA,0.8962999999999965,NA,NA,NA,NA
407,728.4627,63.2925,0.9479999999999791,NA,NA,NA,NA
408,729.4107,62.7438,0.9561999999999671,NA,NA,NA,NA
409,730.3669,62.7438,0.9437000000000353,731.6,1.2331000000000358,0.019216758165532418,0.00520746045095953
410,731.3106,63.2163,0.9490999999999303,NA,NA,NA,NA
411,732.2597,62.8924,0.9541000000000395,NA,NA,NA,NA
412,733.2138,62.8924,0.9613000000000511,NA,NA,NA,NA
413,734.1751,62.2454,0.9639999999999418,NA,NA,NA,NA
414,735.1391,62.0076,0.9676000000000613,736.4,1.2608999999999924,0.014802401629924555,0.0033510332710094564
415,736.1067,62.6426,0.9577999999999065,737.4,1.293299999999931,0.013899527014046998,0.0034954962200528395
416,737.0645,62.0962,0.9662000000000717,NA,NA,NA,NA
417,738.0307,63.0084,0.9522999999999229,NA,NA,NA,NA
418,738.983,63.4332,0.9459000000000515,NA,NA,NA,NA
419,739.9289,63.4332,0.9580999999999449,NA,NA,NA,NA
420,740.887,62.4503,0.9608000000000629,NA,NA,NA,NA
421,741.8478,62.4503,0.963799999999992,NA,NA,NA,NA
422,742.8116,62.0847,0.9664000000000215,NA,NA,NA,NA
423,743.778,61.752,0.9715999999999667,745.16,1.3819999999999482,0.013699967849746458,0.0044404031010810375
424,744.7496,62.3553,0.9623000000000275,746.08,1.3304000000000542,0.013943182821229807,0.0026778877203696965
425,745.7119,62.3553,0.9747999999999593,NA,NA,NA,NA
426,746.6867,62.0442,0.9671000000000731,NA,NA,NA,NA
427,747.6538,62.0442,0.946399999999926,NA,NA,NA,NA
428,748.6002,62.3133,0.9628999999999905,NA,NA,NA,NA
429,749.5631,60.3404,0.9944000000000415,NA,NA,NA,NA
430,750.5575,59.8444,1.0026000000000295,NA,NA,NA,NA
431,751.5601,61.0041,0.9834999999999354,752.76,1.199899999999957,0.022892328219114726,0.005520721725772452
432,752.5436,60.8997,0.9852000000000771,NA,NA,NA,NA
433,753.5288,60.8997,0.97899999999992815,NA,NA,NA,NA
434,754.5078,61.2866,0.9676000000000613,NA,NA,NA,NA
435,755.4754,62.0109,0.9792999999999665,NA,NA,NA,NA
436,756.4547,61.7728,0.971300000000042,757.72,1.2653000000000247,0.01597504975606014,0.005950741105671034
437,757.426,62.9468,0.9531999999999243,NA,NA,NA,NA
438,758.3792,62.4429,0.9609000000000378,NA,NA,NA,NA
439,759.3401,63.0643,0.9514000000000351,NA,NA,NA,NA
440,760.2915,63.3885,0.9465000000000146,NA,NA,NA,NA
441,761.238,NA,0.9063999999999623,NA,NA,NA,NA
442,762.1444,NA,0.8796999999999571,NA,NA,NA,NA
443,763.0241,NA,0.8983000000000629,NA,NA,NA,NA
444,763.9224,NA,0.8967999999999847,NA,NA,NA,NA
445,764.8192,64.9018,0.9244999999999663,NA,NA,NA,NA
446,765.7437,63.0553,0.95150000000001,NA,NA,NA,NA
447,766.6952,64.0073,0.9374000000000251,NA,NA,NA,NA
448,767.6326,63.5748,0.9438000000000102,NA,NA,NA,NA
449,768.5764,63.5748,0.9714999999999918,NA,NA,NA,NA
450,769.5479,61.7609,0.9895999999999958,NA,NA,NA,NA
451,770.5375,61.3887,0.9773999999999887,771.8,1.2624999999999318,0.013401938102433474,0.003804184560589917
452,771.5149,61.3887,0.9869999999999663,NA,NA,NA,NA
453,772.5019,60.7873,0.977800000000002,NA,NA,NA,NA
454,773.4797,62.3544,0.9622000000000526,774.8,1.3202999999999747,0.018900826601250278,0.006147064381775783
455,774.4419,62.3544,0.9764999999999873,NA,NA,NA,NA
456,775.4184,61.4444,0.9728999999999814,NA,NA,NA,NA
457,776.3913,61.6739,0.9891999999999825,NA,NA,NA,NA
458,777.3805,61.6694,0.9728999999999814,NA,NA,NA,NA
459,778.3534,61.6694,0.9931000000000267,NA,NA,NA,NA
460,779.3465,59.8654,1.0022000000000162,NA,NA,NA,NA
461,780.3487,60.469,0.9923000000000002,NA,NA,NA,NA
462,781.341,59.7861,1.003500000000031,782.76,1.4189999999999827,0.013268307019053474,0.0041511581914738405
463,782.3445,59.8697,1.0022000000000162,783.68,1.3354999999999109,0.01727332152122136,0.004222954559354151
464,783.3467,60.709,0.9882999999999811,NA,NA,NA,NA
465,784.335,60.4195,0.993099999999913,NA,NA,NA,NA
466,785.3281,60.3249,0.994600000000105,786.64,1.311900000000037,0.01537986987576614,0.005836418996342986
467,786.3227,61.8941,0.9693999999999505,NA,NA,NA,NA
468,787.2921,60.9949,0.9836999999999989,NA,NA,NA,NA
469,788.2758,60.9949,0.9822000000000344,789.6,1.324200000000019,0.01897883632640519,0.005017366152253208
470,789.258,62.1332,0.9656999999999698,NA,NA,NA,NA
471,790.2237,61.2057,0.9802999999999429,NA,NA,NA,NA
472,791.204,61.1886,0.980600000000095,NA,NA,NA,NA
473,792.1846,62.9986,0.9523999999998978,NA,NA,NA,NA
474,793.137,61.831,0.9703000000000657,NA,NA,NA,NA
475,794.1073,61.831,0.9729999999999563,NA,NA,NA,NA
476,795.0803,61.6692,0.9564000000000306,796.4,1.3197000000000116,0.01470221731291432,0.004355381631603874
477,796.0367,61.3294,0.9782999999999902,NA,NA,NA,NA
478,797.015,61.0768,0.9823999999999842,NA,NA,NA,NA
479,797.9974,61.0768,0.9544000000000779,NA,NA,NA,NA
480,798.9518,62.8667,0.9729999999999563,NA,NA,NA,NA
481,799.9248,61.6642,0.973700000000008,NA,NA,NA,NA
482,800.8985,62.7254,0.9565000000000055,NA,NA,NA,NA
483,801.855,62.071,0.9666999999999462,NA,NA,NA,NA
484,802.8217,62.0017,0.9677000000000362,NA,NA,NA,NA
485,803.7894,62.0017,0.9588999999999714,NA,NA,NA,NA
486,804.7483,62.5704,0.9583999999999833,NA,NA,NA,NA
487,805.7067,61.8217,0.9705000000000155,NA,NA,NA,NA
488,806.6772,61.6937,0.9726000000000568,NA,NA,NA,NA
489,807.6498,61.6937,0.9516999999999598,808.96,1.310200000000009,0.01638766118743628,0.005713351566046949
490,808.6015,62.1507,0.9654000000000451,NA,NA,NA,NA
491,809.5669,62.1507,0.9343000000000075,NA,NA,NA,NA
492,810.5012,64.365,0.9321999999999662,NA,NA,NA,NA
493,811.4334,64.365,0.9399999999999409,NA,NA,NA,NA
494,812.3734,63.8241,0.944400000000087,NA,NA,NA,NA
495,813.3178,63.5348,0.9393000000000029,814.6,1.282199999999989,0.01759913475306985,0.00605548156592031
496,814.2571,NA,0.9130000000000109,815.48,1.2228999999999814,0.013102739739714408,0.004562705778246739
497,815.1701,NA,0.9224999999999,NA,NA,NA,NA
498,816.0926,NA,0.9213000000000875,NA,NA,NA,NA
499,817.0139,NA,0.9062000000000126,NA,NA,NA,NA
500,817.9201,NA,0.9275000000000091,NA,NA,NA,NA
501,818.84760000000006,64.4342,0.9311999999999898,NA,NA,NA,NA
502,819.7788,64.4342,0.9283999999998969,NA,NA,NA,NA
503,820.7072,62.7427,0.9563000000000557,NA,NA,NA,NA
504,821.6635,61.6837,0.9727000000000317,NA,NA,NA,NA
505,822.6362,62.3935,0.9615999999999758,NA,NA,NA,NA
506,823.5978,62.3935,0.9870999999999412,NA,NA,NA,NA
507,824.5849,60.7883,0.9926000000000386,NA,NA,NA,NA
508,825.5775,61.8705,0.9697999999999638,NA,NA,NA,NA
509,826.5473,61.8705,0.9929000000000769,NA,NA,NA,NA
510,827.5402,60.4594,0.9923999999999751,NA,NA,NA,NA
511,828.5326,62.3665,0.9619999999999891,NA,NA,NA,NA
512,829.4946,62.0595,0.9668000000000347,NA,NA,NA,NA
513,830.4614,62.0595,0.9601999999999862,NA,NA,NA,NA
514,831.4216,63.6917,0.9420999999999822,NA,NA,NA,NA
515,832.3637,62.2082,0.9645000000000437,NA,NA,NA,NA
516,833.3282,61.9316,0.9687999999999874,NA,NA,NA,NA
517,834.297,62.6097,0.9583000000000084,NA,NA,NA,NA
518,835.2553,62.6097,0.9728000000000065,NA,NA,NA,NA
519,836.2281,61.734,0.9719000000000051,837.52,1.2918999999999414,0.014186039075195861,0.003527625403411569
520,837.2,62.2142,0.96449999999993,NA,NA,NA,NA
521,838.1645,61.7481,0.9716000000000804,NA,NA,NA,NA
522,839.1361,61.277,0.9791999999999916,NA,NA,NA,NA
523,840.1153,61.277,0.9662999999999329,NA,NA,NA,NA
524,841.0816,61.4331,0.9767000000000507,842.36,1.2784000000000333,0.018950559430712496,0.008781361735379222
525,842.0583,61.4331,0.9492999999999938,843.4,1.3416999999999462,0.018700548409212953,0.008362123785665013
526,843.0076,62.0405,0.9670999999999594,NA,NA,NA,NA
527,843.9747,61.5214,0.9751999999999725,NA,NA,NA,NA
528,844.9499,61.5214,0.9687999999999874,NA,NA,NA,NA
529,845.9187,62.9936,0.9524000000000115,NA,NA,NA,NA
530,846.8711,61.9471,0.9686000000000377,NA,NA,NA,NA
531,847.8397,62.1208,0.9659000000000333,NA,NA,NA,NA
532,848.8056,63.2451,0.948699999999917,850.16,1.3543999999999414,0.013232669295570511,0.004727132132280781
533,849.7543,63.2451,0.9646000000000186,NA,NA,NA,NA
534,850.7189,62.1966,0.9635000000000673,NA,NA,NA,NA
535,851.6824,62.2785,0.9630999999999403,NA,NA,NA,NA
536,852.6455,61.9048,0.9692000000000007,NA,NA,NA,NA
537,853.6147,62.0238,0.9673999999999978,NA,NA,NA,NA
538,854.5821,61.8497,0.9701000000000022,NA,NA,NA,NA
539,855.5522,61.69,0.9726000000000568,NA,NA,NA,NA
540,856.5248,61.69,0.9400999999999158,NA,NA,NA,NA
541,857.4649,63.8239,0.9563000000000557,NA,NA,NA,NA
542,858.4212,62.6822,0.9572000000000571,NA,NA,NA,NA
543,859.3784,62.6822,0.9273999999999205,NA,NA,NA,NA
544,860.3058,64.6953,0.9422000000000708,NA,NA,NA,NA
545,861.248,63.3108,0.9476999999999407,NA,NA,NA,NA
546,862.1957,63.0521,0.9515999999999849,NA,NA,NA,NA
547,863.1473,63.0521,0.9510999999999967,NA,NA,NA,NA
548,864.0984,63.0873,0.9284000000000106,865.36,1.261600000000044,0.01760770420354451,0.005603120420676072
549,865.0268,64.6284,0.9080999999999904,NA,NA,NA,NA
550,865.9349,66.0704,0.9025000000000318,NA,NA,NA,NA
551,866.8374,66.4786,0.8894999999999982,NA,NA,NA,NA
552,867.7269,67.4537,0.9012000000000171,869.04,1.313099999999963,0.01550850931448294,0.006926665743120288
553,868.6281,65.4479,0.9166999999999916,NA,NA,NA,NA
554,869.5448,65.4479,0.915300000000002,NA,NA,NA,NA
555,870.4601,65.6801,0.9134999999999991,871.76,1.2998999999999796,0.017389551594756452,0.004687798018718232
556,871.3736,66.1176,0.9075000000000273,NA,NA,NA,NA
557,872.2811,67.4475,0.8894999999999982,873.44,1.158900000000017,0.014095113936694619,0.005227069255380345
558,873.1706,67.3464,0.8909999999999627,NA,NA,NA,NA
559,874.0616,68.6035,0.8745999999999867,NA,NA,NA,NA
560,874.9362,66.2561,0.9054999999999609,NA,NA,NA,NA
561,875.8417,63.3689,0.9469000000000278,NA,NA,NA,NA
562,876.7886,61.6954,0.9725000000000819,NA,NA,NA,NA
563,877.7611,60.9389,0.9846000000000004,NA,NA,NA,NA
564,878.7457,62.4105,0.9613999999999123,880,1.2542999999999438,0.01500649882759637,0.004917951169347092
565,879.7071,66.0454,0.9084000000000287,NA,NA,NA,NA
566,880.6155,65.9911,0.9092000000000553,NA,NA,NA,NA
567,881.5247,66.457,0.9028999999999314,NA,NA,NA,NA
568,882.4276,64.899,0.9244999999999663,883.8,1.3723999999999705,0.015767212790988822,0.004506139346638865
569,883.3521,64.4612,0.9308000000000902,NA,NA,NA,NA
570,884.2829,64.4612,0.8944999999999936,NA,NA,NA,NA
571,885.1774,67.0714,0.9130999999999858,886.48,1.302599999999984,0.018406628478012367,0.005912837909305927
572,886.0905,65.4762,0.9162999999999784,NA,NA,NA,NA
573,887.0068,65.4762,0.9110000000000582,NA,NA,NA,NA
574,887.9178,65.8676,0.9006999999999152,NA,NA,NA,NA
575,888.8185,65.7504,0.9125000000000227,NA,NA,NA,NA
576,889.731,64.6549,0.9279999999999973,NA,NA,NA,NA
577,890.659,65.9377,0.9099999999999682,NA,NA,NA,NA
578,891.569,64.684,0.927599999999984,NA,NA,NA,NA
579,892.4966,62.818,0.9551000000000158,NA,NA,NA,NA
580,893.4517,61.6229,0.973700000000008,NA,NA,NA,NA
581,894.4254,61.6229,0.973700000000008,895.76,1.334600000000023,0.018171809748780163,0.005826527389656229
582,895.3991,62.4233,0.9612000000000762,NA,NA,NA,NA
583,896.3603,62.4233,0.9377999999999247,NA,NA,NA,NA
584,897.2981,65.4644,0.9165000000000418,NA,NA,NA,NA
585,898.2146,65.9919,0.9091999999999416,NA,NA,NA,NA
586,899.1238,65.9919,0.8947000000000571,NA,NA,NA,NA
587,900.0185,67.7231,0.8859999999999673,NA,NA,NA,NA
588,900.9045,68.6914,0.8734000000000606,NA,NA,NA,NA
589,901.7779,68.6914,0.8845000000000027,NA,NA,NA,NA
590,902.6624,67.8337,0.8945999999999685,904,1.3375999999999522,0.015343665745188785,0.006444983123579067
591,903.557,65.1505,0.9208999999999605,NA,NA,NA,NA
592,904.4779,65.1505,0.9393999999999778,NA,NA,NA,NA
593,905.4173,63.87,0.9628999999999905,NA,NA,NA,NA
594,906.3802,61.8471,0.9702000000000908,NA,NA,NA,NA
595,907.3504,61.8471,0.9615999999999758,NA,NA,NA,NA
596,908.312,61.6494,0.9732999999999947,NA,NA,NA,NA
597,909.2853,61.6494,0.981899999999996,NA,NA,NA,NA
598,910.2672,60.9722,0.9841000000000122,NA,NA,NA,NA
599,911.2513,60.9722,0.9639999999999418,912.56,1.3086999999999307,0.01583009801717989,0.004166620259126672
600,912.2153,62.2369,0.9553000000000793,913.4,1.1847000000000207,0.014967308517897508,0.00503749643545848
601,913.1706,63.0374,0.9517999999999347,NA,NA,NA,NA
602,914.1224,63.0374,0.9506999999999834,NA,NA,NA,NA
603,915.0731,63.295,0.9479000000000042,NA,NA,NA,NA
604,916.021,63.609,0.943300000000022,NA,NA,NA,NA
605,916.9643,63.609,0.9352999999999838,NA,NA,NA,NA
606,917.8996,65.2113,0.9201000000000477,NA,NA,NA,NA
607,918.8197,64.7411,0.9266999999999825,NA,NA,NA,NA
608,919.7464,64.7411,0.9359000000000606,NA,NA,NA,NA
609,920.6823,64.1148,0.946399999999926,NA,NA,NA,NA
610,921.6287,63.2935,0.9479999999999791,NA,NA,NA,NA
611,922.5767,62.3765,0.9619000000000142,NA,NA,NA,NA
612,923.5386,61.5467,0.9749000000000478,NA,NA,NA,NA
613,924.5135,62.0073,0.9675999999999476,NA,NA,NA,NA
614,925.4811,61.5619,0.9746000000000095,NA,NA,NA,NA
615,926.4557,61.5498,0.9749000000000478,NA,NA,NA,NA
616,927.4306,61.8283,0.9703999999999269,NA,NA,NA,NA
617,928.401,61.0577,0.9827000000000226,929.76,1.3590000000000373,0.01794318247412563,0.006527135808798427
618,929.3837,61.1096,0.9818000000000211,NA,NA,NA,NA
619,930.3655,62.2494,0.9638999999999669,NA,NA,NA,NA
620,931.3294,62.2494,0.981200000000058,NA,NA,NA,NA
621,932.3106,61.2703,0.9792999999999665,NA,NA,NA,NA
622,933.2899,61.2703,0.9569999999999936,NA,NA,NA,NA
623,934.2469,62.6921,0.9656999999999698,NA,NA,NA,NA
624,935.2126,61.6974,0.9725000000000819,936.52,1.3074000000000296,0.01611906742819124,0.0048186805314694775
625,936.1851,62.8993,0.953899999999976,NA,NA,NA,NA
626,937.139,62.1057,0.9660999999999831,NA,NA,NA,NA
627,938.1051,61.7128,0.9723000000000184,NA,NA,NA,NA
628,939.0774,61.7128,0.982599999999934,NA,NA,NA,NA
629,940.06,62.9884,0.9526000000000749,NA,NA,NA,NA
630,941.0126,61.4475,0.9764000000000124,NA,NA,NA,NA
631,941.989,61.3564,0.9778999999999769,943.24,1.2509999999999764,0.014500423708266288,0.0041125391644484715
632,942.9669,61.3564,0.9553999999999405,NA,NA,NA,NA
633,943.9223,62.8062,0.9657000000000835,NA,NA,NA,NA
634,944.888,61.8521,0.9701000000000022,946.12,1.231999999999971,0.015516387094144811,0.0028186363037064933
